"Marcaj de timp","Scrie aici conversaÈ›ia. Fii creativ !"
"2019/06/07 8:38:33 p.m. GMT+3","salut
bunÄƒ
ce faci ?
Bine, fÄƒceam niÈ™te teme. Tu ?
eu joc fotbal cu colegii Ã®n parc"
"2019/06/07 8:41:01 p.m. GMT+3","cum a fost la examen ?
foarte greu
off... nu-i bine... crezi cÄƒ treci ?
eu aÈ™a sper"
"2019/06/07 8:50:14 p.m. GMT+3","care e mÃ¢ncarea ta preferatÄƒ ?
Cartofii prÄƒjiÈ›i. A ta ?
salata
salata ??
da
de ce ?
pentru cÄƒ e sÄƒnÄƒtoasÄƒ"
"2019/06/07 11:30:45 p.m. GMT+3","cum te cheamÄƒ ?
zori de zeamÄƒ
ador numele tÄƒu !"
"2019/06/07 11:36:49 p.m. GMT+3","Alo? Andy? 
Da. BunÄƒ! 
Te-am sunat sÄƒ te invit mÄƒine la o plimbare. EÈ™ti liber?
Maine dupÄƒ-amiazÄƒ sunt liber. Unde vrei sÄƒ mergem?
La GrÄƒdina BotanicÄƒ. Vrei?
Daaaaa! Nu am fost de anul trecut. Cred cÄƒ acum au Ã®nflorit lalelele!
Exact. Sunt multe flori AÈ™adar ne vedem pe la ora patru?
Ok. Pe mÃ¢ine deci!
Pe mÃ¢ine!"
"2019/06/08 12:01:01 a.m. GMT+3","Ã®È›i place sÄƒ citeÈ™ti ?
da
ce Ã®È›i place sÄƒ citeÈ™ti ?
romane poliÈ›iste
ce interesant"
"2019/06/08 2:23:11 p.m. GMT+3","Miau
"
"2019/06/08 4:27:55 p.m. GMT+3","Salut!
Buna!
Cum esti?
Bine, sanatos. Tu?
La fel.
Ai fost la film aseara?
Da, a fost foarte bun. Trebuie sa mergi si tu.
Am fost si eu.
Ti-a placut?
Da.
Care e animalul tau favorit?
Pisica.
Eu am un motan.
Si eu imi doresc una.
Ai trecut la examen?
Abia, dar am trecut!
Mergem in vacanta atunci!
Unde?
La salina Turda.
E frumos acolo.
Stii care este cel mai lung cuvant in romana?
Pneumonoultramicroscopicsilicovolcaniconioza cred.
Stii vreun joc pe calculator bun?
Da, Lands of Azrea! Are animale.
Care e creatura mitologica favorita a ta?
Centaurii sunt interesanti.
Ai mancare in frigider?
Cateva conserve.
Stii rezolva probleme de matematica?
Â¯\_(ãƒ„)_/Â¯
Eu trebuie sa plec. 
Pa!"
"2019/06/08 10:28:13 p.m. GMT+3","BunÄƒ dimineaÈ›a!
Salut!
Cum ai dormit ?
Eu? Bine! Dar tu?
Eu n-am prea dormit azi noapte.
De ce?
Am bÄƒut o canÄƒ mare de cafea seara.
È˜i n-ai dormit deloc?
Doar vreo trei ore. Dar recuperez azi. Nu merg la cursuri.
Vrei sa dormi?
Da. PÃ¢nÄƒ la prÃ¢nz. 
Bine. Te las sÄƒ te odihneÈ™ti.  Somn uÈ™or!
Mersi! Pa!"
"2019/06/09 2:02:21 p.m. GMT+3"," neaÈ›a! 
 hello! 
 ce mai faci? 
 Bine, mai am ceva treabÄƒ Ã®n grÄƒdinÄƒ. Tu? 
 Voiam sÄƒ mÄƒ uit la un film. Ai grÄƒdinÄƒ? 
 Da. Acum Ã®ncercam sÄƒ tai iarba.  
 Super! 
 La ce film voiai sÄƒ te uiÈ›i? 
 Nici eu nu È™tiu. SÄƒ vÄƒd ce Ã®mi recomandÄƒ Netflix. 
 OK. 
 Hai cÄƒ te las. 
 Ne auzim! 
 Pa! 
 Pa! "
"2019/06/09 2:08:10 p.m. GMT+3"," Hei! Cum a fost? 
 Super! Am È™tiut tot ce ne-a dat. 
 Serios? 
 Nu, normal. Am copiat. 
 Mda.. 
 Nu aveai de unde sÄƒ È™tii tot ce voia el acolo. 
 Corect. 
 Tu, cum mai eÈ™ti? Ai trecut la tot? 
 Da. "
"2019/06/09 8:43:29 p.m. GMT+3","Salut
Salut
Ce faci?
Bine , tu?
Bine"
"2019/06/09 9:58:14 p.m. GMT+3","BunÄƒ, cum a fost examenul?
A fost ok. Cred cÄƒ m-am descurcat.
MÄƒ bucur sÄƒ aud asta. Nu vrei sÄƒ mÄƒ ajuÈ›i È™i pe mine?
DacÄƒ È™tiu, bineÃ®nÈ›eles.
Chiar? Super mulÈ›umesc mult, rÄƒmÃ¢n dator."
"2019/06/09 10:42:15 p.m. GMT+3","Salut!
Salut!
Ai timp astÄƒzi sÄƒ mergem la suc? Fac cinste. 
Sigur. La ce orÄƒ?
5 e bine? 
Da. Am sÄƒ Ã®È›i aduc È™i caietul cu exerciÈ›ii pe care mi l-ai cerut.
MulÈ›umesc!
SÄƒptÄƒmÃ¢na trecutÄƒ am cumpÄƒrat jocul Catan. Nu ai vrea sÄƒ jucÄƒm Ã®ntr-o zi?
Ba da, am auzit de joc, dar nu È™tiu regulile.
Nici eu Ã®ncÄƒ, trebuie sÄƒ le citim mai Ã®ntÃ¢i. Nu cred cÄƒ e greu. 
Putem sÄƒ jucÄƒm sÃ¢mbÄƒta viitoare, eu sunt liber.
Perfect. Am sÄƒ Ã®ntreb È™i pe alÈ›i colegi dacÄƒ vor sÄƒ vinÄƒ."
"2019/06/10 11:03:02 a.m. GMT+3","salut
salut
ce faci ?
mÄƒ joc pe calculator. tu?
È™i eu. vrei sÄƒ jucÄƒm un meci de LoL?
clar!
ok, te sun eu acum pe skype!"
"2019/06/10 12:42:20 p.m. GMT+3","salut
ce faci?
bine,merg in parc,tu?
eu cu bicicleta
fac sport 



"
"2019/06/10 12:45:32 p.m. GMT+3","salut
buna
cum esti?
sanatos,tu?
si eu
mergem la un picnic?
dupa-masa daca e vreme buna
ok,ne auzim la 17
"
"2019/06/10 1:19:11 p.m. GMT+3","Mergem mÃ¢ine la concert?
Desigur. La ce ora?
La ora 21.00. Mergi cu masina?
AÈ™ merge cu metroul. Unde va fi concertul?
Ãn parcul IOR. DacÄƒ te hotÄƒrÄƒÈ™ti sÄƒ mergi, mÄƒ anunÈ›i?
Te anunÈ› Ã®n timp util. La revedere!"
"2019/06/10 1:54:23 p.m. GMT+3","Buna ziua
Salut
Ce faci?
Sunt in pauza
Vrei sa-mi spui ce program ai azi?
Da desigur
Ascult atunci
Azi de dimineaÈ›a dupÄƒ ce ma spÄƒl si mÄƒnÃ¢nc merg la È™coala
Dar ce faci la È™coala?
Sunt elev deci sunt obligat sa merg la cursuri pana cel puÈ›in pe clasa a X-a
La ce ora termini cu È™coala?
Termin in fiecare zi la ora 14:00
DupÄƒ aceea ce faci?
Ma duc acasÄƒ unde urmeazÄƒ sa servesc masa de prÃ¢nz deoarece mi-e foame
Ce faci mai apoi?
Ma odihnesc iar mai apoi in funcÈ›ie de ce zi este am activitÄƒÈ›i diverse in fiecare dupÄƒ-masa
Ce urmeazÄƒ dupÄƒ aceea?
Seara dupÄƒ ce Ã®mi fac temele È™i servesc cina ma uit la TV sau joc un joc
DupÄƒ aceea ce urmeazÄƒ sa faci?
Poate citesc ceva sau Ã®nvÄƒÈ› pentru È™coala
È˜i apoi?
UrmeazÄƒ somnul de cel puÈ›in 8 ore iar apoi totul se reia
Ai un program foarte Ã®ncÄƒrcat
Da
MulÈ›umesc mult"
"2019/06/10 5:42:47 p.m. GMT+3","Buna,ce faci?"
"2019/06/10 5:49:12 p.m. GMT+3","Salut! Ce faci?
Salut!
Te-am Ã®ntrebat ce faci?EÈ™ti bine?
Nu mai vreau sa Ã®nvÄƒÈ› la chinezÄƒ! Este o limba imposibilÄƒ pentru mine,renunÈ›! 
Cum sa renunÈ›i? ÃnveÈ›i de un an È™i ai ajuns sa cunoÈ™ti semnele limbii care nu sunt puÈ›ine È™i acum te Ã®mpiedici atÃ¢t de repede? 
nu se mai poate. ÃnvÄƒÈ› Ã®n fiecare zi, scriu È™i exersez zilnic,dar profesorul este nemulÈ›umit de felul cum vorbesc.
Dar cum Ã®nveÈ›i tu Ã®n fiecare zi? Ce metode ai?
La Ã®nceput studiam din cÄƒrÈ›i pana am deprins Ã®nsemnele grafice ale limbii.
Da, È™i acum? 
Apoi am cÄƒutat diverse cursuri on-line, care m-au ajutat sÄƒ aud aceasta limba.
Eu cred cÄƒ tu ai avut foarte multÄƒ rÄƒbdare È™i ai fost un autodidact foarte bun.
Degeaba, am ajuns sa cred ca Ã®mi pierd vremea cu chineza. Ãn timpul acesta puteam foarte bine sa ies È™i eu cu prietenii, sa mÄƒ distrez sau sa dorm.
È™i mai departe cum studiezi? Cum ai ajuns la profesorul de care aminteai mai devreme? 
tot internetul m-a ajutat. DeÈ™i este roman a studiat limba È™i literatura chinezÄƒ, iar Ã®n ultimii 10 ani a fost profesor la universitatea din Beijing,este considerat un foarte bun orator atÃ¢t Ã®n limba romana cat È™i Ã®n limba chineza
È™i cum ar trebui sa te exprimi ca sa-i placÄƒ cum vorbeÈ™ti tu ?
elegant, cu cÄƒldurÄƒ, fÄƒrÄƒ ura,fÄƒrÄƒ mÃ¢nie.
vrei sa-È›i spun un mic sfat?
Nu mÄƒ trimite Ã®n  China!!!
pffff!Ai rÄƒbdare! 
Am È™i nu am!
Vino cu mine Ã®n oraÈ™! 
Acum?parcÄƒ mi-e tare greu È™i capul.
hai vino! Luam un taxi sa meargÄƒ mai repede!
ce vrei sa faci?"
"2019/06/10 6:10:13 p.m. GMT+3","AÈ™tepÈ›i pluguÈ™orul? 
Nu aÈ™teptam pluguÈ™orul!
Dar pe cine?
Pe dumneata
Ei,bravo! 
TatÄƒ, moÅŸule!
Ce-i fetiÈ›a moÅŸului?
È˜tii ceva?
DacÄƒ-mi spui,am sÄƒ ÅŸtiu.
BurduÅŸ
Ce e cu Burduf? 
BurduÅŸ nu va avea noroc anul acesta
Ce spui?
Nu a fost cuminte
Dar de ce?
A fÄƒcut rÄƒu de tot.
Ce rÄƒu a fÄƒcut? 
RÄƒu,rÄƒu de tot
Åi ce, anume?
A fÄƒcut pe grozavul.
Cum adicÄƒ? 
A fost pe la noi mÄƒtuÈ™a Tinca. 
AÈ™a, È™i? 
Åi BurduÅŸ a scos limba la ea!
A scos limba la ea?
Tata l-a certat.
Bine i-a fÄƒcut! 
Åi mama l-a ocÄƒrÃ¢t. 
Bine i-a fÄƒcut! 
Åi pe urmÄƒ? 
BurduÅŸ s-a grozÄƒvit. 
Cum s-a grozÄƒvit? 
È˜tii ce a zis? 
Cam ce putea sÄƒ zicÄƒ?
A zis cÄƒ se face Ã®mpÄƒrat.
ÃmpÄƒrat? 
Da,Ã®mpÄƒrat ca Alexandru Machedon!
Alexandru cel Mare
È˜i o sÄƒ dea poruncÄƒ 
Ce poruncÄƒ? 
O sÄƒ porunceascÄƒ sÄƒ nu mai fie nici un tatÄƒ  È™i nici o mÄƒmica 
Dar ce sÄƒ fie?
SÄƒ fie numai copii. 
Nemaipomenit! 
A spus aÈ™a ceva? 


"
"2019/06/10 6:27:22 p.m. GMT+3","Salut ! 
Salut !
Mergi azi cu mine la cofetÄƒrie?
De ce? SÄƒrbÄƒtorim ceva?
Da. Am primit note mari la examene. 
Bravo! FelicitÄƒri!
Mersi ! Deci, vii?
Desigur ! MÄƒ Ã®mbrac repede È™i ne Ã®ntÃ¢lnim in faÈ›a Teatrului NaÈ›ional. De acolo mergem pe jos la cofetÄƒria Boema. E aproape.
Ok. Ce prÄƒjiturÄƒ preferi?
Mie imi place Mille feuille.
Oaa! SunÄƒ interesant!
Da. È˜i e tare gustoasÄƒ!
Cred cÄƒ am sÄƒ comand È™i eu una!
Desigur. Nu o sÄƒ regreÈ›i!
Ok. Ne vedem Ã®n 15 minute! Pa!
Pa!
"
"2019/06/10 7:39:53 p.m. GMT+3","Am visat cÄƒ am escaladat munÈ›ii Himalaya .
È˜i cum a fost? 
Aglomerat È™i destul de greu! 
Visul meu a Ã®nceput cu vizionarea unui film documentar despre aceÈ™ti munÈ›i.
È˜i ai participat la vreo loterie? 
Nu,am fost cel mai atent spectator. 
È˜i te-au selectat? 
Da.Am fost norocos. 
PovesteÈ™te cum ai cÄƒlÄƒtorit. 
Cu avionul pana Ã®n Nepal,iar de acolo cu maÈ™inÄƒ de teren.
Erai echipat adecvat? 
Da È™i nu.Mi -au lipsit niÈ™te mÄƒnuÅŸi mai groase. 
Cum a fost vremea?
PÃ¢nÄƒ am urcat a fost un soare strÄƒlucitor. 
Iar acolo sus?
A Ã®nceput sÄƒ ningÄƒ  foarte frumos .
È˜i mai departe? 
PÄƒi, sÄƒ vezi eram sus.Totul a fost minunat chiar dacÄƒ era frig. 
Ce s-a Ã®ntÃ¢mplat? 
M-am  trezit .
Off! Tocmai cÃ¢nd era mai interesant! 
"
"2019/06/10 10:16:02 p.m. GMT+3","Off! 
Iar oftezi? 
Da,pe zi ce trece mi se pare tot mai greu.
Ce-i greu? 
Tot,absolut tot; È™i sÄƒ mÄƒnÃ¢nc devine greu, plictisitor È™i monoton. 
Nu te mai tot plÃ¢nge! 
E uÈ™or de vorbit, dar e greu È™i sÄƒ nu mÄƒ mai lamentez. 
Bine, hai descarcÄƒ-te!
De dimineaÈ›Äƒ de cÃ¢nd m-am trezit m-au asaltat gÃ¢ndurile cu ce am de fÄƒcut azi.
È˜i ce ai de fÄƒcut? 
Nu-ti mai spun de mÄƒrunÈ›iÈ™uri programare la service cu maÈ™ina,de platit facturile, de fÄƒcut curÄƒÈ›enie etc
AdicÄƒ? 
Trebuie sÄƒ ajung la birou, dar nu am azi maÈ™inÄƒ. 
Extraordinar, te-ai obiÈ™nuit prea rÄƒsfÄƒÈ›at doar cu maÈ™inÄƒ! 
È˜i ce vrei sa mÄƒ duc pe jos? 
De ce nu? Face parte din ritmul vieÈ›ii, plus cÄƒ face bine la sÄƒnÄƒtate. 
Ãmi distrug pantofii plus ca e pierdere de timp. 
Nu cred asta.
De ce?
Faptul ca te vei plimba o ora jumÄƒtate te va ajuta sa-È›i pui ordine Ã®n minte cu tot ce ai de fÄƒcut. 
Dar singur sÄƒ merg atÃ¢t de mult mi se pare un abuz.
Abuz de lene ,de lipsÄƒ de iniÈ›iative dar mai ales de voinÈ›Äƒ. 
Doamne mi-e teamÄƒ! "
"2019/06/10 10:43:11 p.m. GMT+3","Mi-e frig!
Cum se poate la temperatura asta sÄƒ-È›i fie frig? 
Nu È™tiu. 
EÈ™ti vreun peÈ™te?
Da, un delfin. 
Delfinilor nu cred ca le este frig vreodatÄƒ. 
Atunci un pinguin. 
Lor nici atÃ¢t 
È˜i totuÈ™i mi-e frig. 
ÃmbracÄƒ-te !
Ai uitat cÄƒ aerul condiÈ›ionat funcÈ›ioneazÄƒ? 
Atunci, Ã®nchide-l!
Nu cred cÄƒ È™tiu! 
Aparatul acesta este performant, È™tie sÄƒ facÄƒ È™i zÄƒpadÄƒ!
Nu vreau sÄƒ mÄƒ dau cu sania È™i nici cu patinele! 
EÈ™ti sedentar! 
È˜tiu, accept doar schiurile .
Da È™i pe astea doar Ã®n cutie.
Cred  cÄƒ ar trebui sÄƒ fii mai drÄƒguÈ› cu oamenii din jurul tÄƒu! 
Ai dreptate! "
"2019/06/10 10:44:52 p.m. GMT+3","BunÄƒ ziua! 
BunÄƒ ziua! Cu ce vÄƒ pot fi de folos? 
AÈ™ dori sÄƒ Ã®nchiriez o maÈ™inÄƒ pentru o sÄƒptÄƒmÃ¢nÄƒ. 
Ce maÈ™inÄƒ preferaÈ›i? 
Ce aveÈ›i? 
Noi avem de toate, ce preferaÈ›i dumneavoastrÄƒ? 
Ce preÈ› ar avea un Minicooper? 
700 euro,iar dumneavoastrÄƒ trebuie sÄƒ faceÈ›i alimentarea cu benzinÄƒ. 
Hmm! 
PuteÈ›i sÄƒ Ã®ncercaÈ›i, dacÄƒ doriÈ›i. 
Da, aÈ™ vrea sÄƒ vÄƒd È™i un Lamborghini.
Decapotabil sau nu?
Decapotabil. 
Wow,este extraordinar! 
VÄƒ place? 
Prea mult! 
Acest Lamborghini Ã®l veÈ›i Ã®nchiria?
Da,cÃ¢t costÄƒ? 
20 euro.Am nevoie de datele dumneavoastrÄƒ personale! 
Da,poftiÈ›i! 
Va trebui sÄƒ achitaÈ›i È™i asigurarea 5 euro.
Voi plÄƒti cu cardul. 
Bine
MulÈ›umesc, la revedere. 
Cu plÄƒcere, la revedere! SÄƒ o folosiÈ›i sÄƒnÄƒtos! 
MulÈ›umesc! "
"2019/06/11 1:14:03 p.m. GMT+3","Salut! Ce faci?
"
"2019/06/11 1:20:58 p.m. GMT+3","Èši-ai fÄƒcut temele? "
"2019/06/11 1:21:56 p.m. GMT+3","Hey!
BunÄƒ!
Èši-ai Ã®nvÄƒÈ›at pentru testul de mÃ¢ine?
Ce test?
Acel de la istorie
Nu am Ã®nvÄƒÈ›at
De ce?
Pentru cÄƒ nu È™tiam cÄƒ dÄƒm test!
Dar..nu ai fost la orÄƒ?
PÄƒi..ba da am fost..
Atunci?
Nu am fost atent
Dar ce fÄƒceai?
StÄƒteam pe telefon..
Testul va fi din Europa antica
Ãmi trimiÈ›i te rog lecÈ›ia?
Desigur
MulÈ›umesc!
Cu drag!
"
"2019/06/11 1:25:53 p.m. GMT+3","BunÄƒ!
Salut!
Care este culoarea ta preferatÄƒ?
Mov.
ÃÈ›i place la È™coalÄƒ?
Nu prea.
ÃÈ›i place ciocolatÄƒ?
Da,foarte mult.

"
"2019/06/11 1:28:39 p.m. GMT+3","Salut! Ce faci?
Bine. Tu cum te simÅ£i?
Extraordinar.  Este o zi plÄƒcutÄƒ afarÄƒ.
Ce culori te reprezintÄƒ ca fire?
Toate culorile sunt ÅŸi reprezintÄƒ o emblemÄƒ a liniÅŸti sau din contrÄƒ a chefului de viaÅ£Äƒ.
Apropo, am visitat Ã®ntr-o excursie Cetatea NeamÅ£ului, puternicÄƒ precum Soarele, faimoasÄƒ cu stele de rÄƒzboi, trÄƒitÄƒ cu o poveste, visatÄƒ cu suflarea.
Este o experienÅ£Äƒ de visat
"
"2019/06/11 1:28:55 p.m. GMT+3","Salut!
BunÄƒ!
Vrei sa mergem la film?
Sigur!Ce film?
Hmm..nu stiu ce film doreÈ™ti?
Mie Ã®mi este indiferent!
Mergem la Pokemon?
Daaa este un film super
L-ai vazut?
Nu,dar am vazut serialul
Ahh..okey
Deci mergem?
Da haide!"
"2019/06/11 1:29:14 p.m. GMT+3","Salut! Ce faci?
Bine. Tu cum te simÅ£i?
Extraordinar.  Este o zi plÄƒcutÄƒ afarÄƒ.
Ce culori te reprezintÄƒ ca fire?
Toate culorile sunt ÅŸi reprezintÄƒ o emblemÄƒ a liniÅŸti sau din contrÄƒ a chefului de viaÅ£Äƒ.
Apropo, am visitat Ã®ntr-o excursie Cetatea NeamÅ£ului, puternicÄƒ precum Soarele, faimoasÄƒ cu stele de rÄƒzboi, trÄƒitÄƒ cu o poveste, visatÄƒ cu suflarea.
Este o experienÅ£Äƒ de visat
"
"2019/06/11 1:29:30 p.m. GMT+3","Salut! Ce faci?
Bine. Tu cum te simÅ£i?
Extraordinar.  Este o zi plÄƒcutÄƒ afarÄƒ.
Ce culori te reprezintÄƒ ca fire?
Toate culorile sunt ÅŸi reprezintÄƒ o emblemÄƒ a liniÅŸti sau din contrÄƒ a chefului de viaÅ£Äƒ.
Apropo, am visitat Ã®ntr-o excursie Cetatea NeamÅ£ului, puternicÄƒ precum Soarele, faimoasÄƒ cu stele de rÄƒzboi, trÄƒitÄƒ cu o poveste, visatÄƒ cu suflarea.
Este o experienÅ£Äƒ de visat
"
"2019/06/11 1:31:19 p.m. GMT+3","ÃÈ›i place fotbalul?
Da.
Care e fotbalistul tÄƒu preferat?
Ronaldo.
Tu joci fotbal?
Da.
Care e materia ta preferatÄƒ?
Matematica.
CÃ¢t face 5Ã—5?
25.
Ai prieteni?
Da."
"2019/06/11 1:32:41 p.m. GMT+3","Salut 
Salut 
Ce faci?
Bine tu
Uite am ieÈ™it È™i eu pe afarÄƒ cu prietenii. Tu ce faci?
Eu merg pÃ¢nÄƒ la bibliotecÄƒ 
Ce faci acolo ?
Am sÄƒ Ã®mprumut o carte 
Super
Tu ce planuri ai Ã®n vacanÈ›a asta ?
O sÄƒ merg la mare cu familia 
Tu ce o sa faci Ã®n vacanÈ›Äƒ?
Eu merg doar pe afara cu prieteni 
Tu aÈ™tepÈ›i sÄƒ Ã®nceapÄƒ È™coala? 
Ahhhh, nu prea pentru cÄƒ o sÄƒ intru Ã®n clasa a 7. Tu Ã®n ce clasÄƒ o sa mergi ?
In clasa a 5 b.
OK trebuie sÄƒ plec cÄƒ mÄƒ cam grÄƒbesc 
OK o sÄƒ ne mai revedem
Salut!
Salut!"
"2019/06/11 1:32:50 p.m. GMT+3","Salut
Salut
Ce faci?
ÃnvÄƒÈ› la geografie 
Tu ce faci?
Ma joc cu mingea de fotbal
Super
Vrei sa ieÈ™im mai tÃ¢rziu la un suc?
De sigur,dar mai Ã®ntÃ¢i sÄƒ Ã®mi termin de Ã®nvÄƒÈ›at 
Ok
"
"2019/06/11 1:33:10 p.m. GMT+3","BunÄƒ.
Salut.
Ce faci ?
Bine tu ?
MÄƒ gÃ¢ndeam  sÄƒ mergem la fotbal ,vrei ?
Desigur !
Unde ne Ã®ntÃ®lnim?
Ãn faÈ›a blocului.
 Ãi chem pe Victor si Vlad ?
Da. 
Ai vÄƒzut ce gol a dat Messi ?
Am vÄƒzut a fost super tare. 
 Ce echipÄƒ preferi dintre Real Madrid È™i Juventus  ?
Prefer Juventus .
De ce ?
Pentru cÄƒ acolo joacÄƒ Ronaldo .



"
"2019/06/11 1:33:59 p.m. GMT+3","Buna ziua!
Buna!
Doresc sa Ã®nchiriez o bicicleta
UrmÄƒriÈ›i-mÄƒ sÄƒ va arat cÃ¢teva !
Okey
Acestea sunt cele mai noi
Aceea albastra Ã®mi place mult
Pe aceea chiar ieri am adus-o
O doresc!
Pentru cÃ¢t timp?
7 zile
Bun va trebui sa achitaÈ›i 700 lei
Pot plÄƒti cu cardul?
BineÃ®nÈ›eles!
"
"2019/06/11 1:34:06 p.m. GMT+3","BunÄƒ.
Salut.
Ce faci ?
Bine tu ?
MÄƒ gÃ¢ndeam  sÄƒ mergem la fotbal ,vrei ?
Desigur !
Unde ne Ã®ntÃ®lnim?
Ãn faÈ›a blocului.
 Ãi chem pe Victor si Vlad ?
Da. 
Ai vÄƒzut ce gol a dat Messi ?
Am vÄƒzut a fost super tare. 
 Ce echipÄƒ preferi dintre Real Madrid È™i Juventus  ?
Prefer Juventus .
De ce ?
Pentru cÄƒ acolo joacÄƒ Ronaldo .



"
"2019/06/11 1:34:26 p.m. GMT+3","Salut
Salut
Ce faci?
ÃnvÄƒÈ› la geografie 
Tu ce faci?
Ma joc cu mingea de fotbal
Super
Vrei sa ieÈ™im mai tÃ¢rziu la un suc?
De sigur,dar mai Ã®ntÃ¢i sÄƒ Ã®mi termin de Ã®nvÄƒÈ›at 
Ok
"
"2019/06/11 1:35:13 p.m. GMT+3","Care  e melodia ta preferatÄƒ?
Nu am o melodie preferatÄƒ.
La romÃ¢nÄƒ te descurci?
Nu prea.
MÄƒnÃ¢nci des ciocolatÄƒ?
Da.
Ai fost Ã®n excursii?
Da,Ã®n multe.
Ce te pasioneazÄƒ?
Istoria.
Serios?
Da.
È˜i altceva?
Geografia."
"2019/06/11 1:36:22 p.m. GMT+3","Buna Adriana ce faci? 
BunÄƒ Laura ! Uite pe afarÄƒ tu ce faci? Si eu tot pe afarÄƒ. MÄƒ gÃ¢ndeam dacÄƒ ai vrea ca pe la ora 4 sÄƒ mergem Ã®n mol.  
Sigur! Acum fiind ora 2 ce zici sÄƒ mergem prin oraÈ™ ? Ca doarÄƒ mai este timp. 
Sigur, de ce nu 
IntrÄƒm puÈ›in pÃ¢nÄƒ Ã®n acest magazin cÄƒ vreau sÄƒ Ã®mi cumpÄƒr o bluzÄƒ. 
Am vÄƒzut una frumoasÄƒ Ã®n acest magazin 
Da, ca È™i eu vreau sÄƒ Ã®mi cumpÄƒr ceva 
Ei, Ã®È›i place bluza
Da
Deci,sa o cumpÄƒr? Nu este deloc scumpa
Da,poÈ›i este foarte frumoasÄƒ 
Bine
DupÄƒ vi sa luam Ã®ngheÈ›atÄƒ ?
DA  
Eu Ã®mi iau cu ciocolatÄƒ. tu?
Eu Ã®mi iau de vanilie 
Bine uite cÄƒ este orÄƒ 3:44. DupÄƒ trebuie sa ne grÄƒbim dacÄƒ vrei sa fim gata la ora 4 
Da, atunci sÄƒ ne Ã®ntoarcem acasÄƒ sÄƒ ne grÄƒbim"
"2019/06/11 1:38:35 p.m. GMT+3","Care e sÄƒrbÄƒtoarea ta preferatÄƒ?
CrÄƒciunul.
ÃÈ›i place zÄƒpada?
Da.
Faci mulÈ›i oameni de zÄƒpadÄƒ?
Daaa.
Te baÈ›i cu bulgÄƒri de zÄƒpadÄƒ?
Da.
Iarna e frig?
Foarte frig."
"2019/06/11 1:38:52 p.m. GMT+3","Care e sÄƒrbÄƒtoarea ta preferatÄƒ?
CrÄƒciunul.
ÃÈ›i place zÄƒpada?
Da.
Faci mulÈ›i oameni de zÄƒpadÄƒ?
Daaa.
Te baÈ›i cu bulgÄƒri de zÄƒpadÄƒ?
Da.
Iarna e frig?
Foarte frig."
"2019/06/11 1:39:04 p.m. GMT+3","Salut!
Salut!
Ce faci?
Bine tu?
Chiar foarte bine!
MÄƒ bucur pentru tine!Dar ce te bine dispune asa?
Pai am fost la concert-ul lui Alan Walker 
Da?Ce dragut!
Am avut bilet VIP È™i am fÄƒcut poze cu el!
Wow!Ti-ai Ã®ntÃ¢lnit cÃ¢ntÄƒreÈ›ul preferat!
Da!Sunt super fericitağŸ˜
MÄƒ bucur pentru tine!
Vrei sa mergem impreuna la urmÄƒtorul concert?ğŸ’•
Normal!â™¥ï¸"
"2019/06/11 1:41:50 p.m. GMT+3","Ai un prieten cel mai bun?
Da.
VÄƒ Ã®nÈ›elegi bine?
Da,foarte bine.
AveÈ›i Ã®ncredere unul in altul?
Normal.
Ce e mai important?SÄƒ ai prieteni mulÈ›i È™i falÈ™i sau prieteni puÈ›ini si adevÄƒraÈ›i?
Desigur,e important sÄƒ ai prieteni puÈ›ini dar adevÄƒraÈ›i deoarece ei nu te lasÄƒ la greu.
"
"2019/06/11 1:42:42 p.m. GMT+3","Salut .
Salut .
Ai vrea sÄƒ mergem la un film ?
Desigur . Ce film?
Vrei la Chucky 2019 ?
E de groazÄƒ?
Da.
Atunci nu .
De ce ? 
Pentru cÄƒ nu imi plac filmele de groazÄƒ .

Dar acest film nu e  prea de groazÄƒ .
Atunci vin.
Ok.
"
"2019/06/11 1:42:50 p.m. GMT+3","Hey!
Salut!
Ce planuri ai pe vacanÈ›a de vara?
Merg in Anglia,tu?
Pacat!Voiam sa mergem vara asta la piscina
Vrei sa vii cu mine È™i cu familia mea in Anglia?
Pot sa merg?
DacÄƒ te lasa pÄƒrinÈ›ii tai,da poÈ›i!
EÈ™ti sigura?
Da!Esti cea mai buna prietena a mea sigur ca poÈ›i,Ã®mi eÈ™ti ca o sora
Okey am sa vorbesc cu pÄƒrinÈ›ii mei È™i vedem cum facem!
Bun!O sa avem o vara de neuitat!"
"2019/06/11 1:44:14 p.m. GMT+3","Care e È›ara ta preferatÄƒ?
Slovacia.
È˜ti bine slovacÄƒ?
AÈ™a È™i aÈ™a.
Ce limbi vorbeÈ™ti?
EnglezÄƒ,francezÄƒ,slovacÄƒ,rusÄƒ È™i italianÄƒ.
Interesant.Care e preferata ta?
SlovacÄƒ logic.

"
"2019/06/11 1:44:54 p.m. GMT+3","Buna 
Buna 
Ce ai facut azi la examen ?
Nu prea am È™tiu unele exerciti
Tu ai È™tiut ceva?
Nu am È™tiut absolut nimic cred ca a mea este cea mai slabÄƒ lucrare din toata clasa
Acum nici chiar aÈ™a 
Sa nu uiti  ca desearÄƒ este meciul de fotbal
Care meci?
Meciul dintre Juventus si Real Madrid
Ok,am sa tin  minte

"
"2019/06/11 1:46:37 p.m. GMT+3","Salut! 
Buna!
Ce faci?
Bine, tu?
Bine, acum am venit de la È™coalÄƒ.
Ce o sa faci Ã®n vacanÈ›Äƒ?
Merg la È›arÄƒ, la bunici. Tu? 
O sa petrec mult timp cu prietenii È™i o sa merg la Mare. Ai vrea sa vi È™i tu la Mare cu mine? 
Nu, fiindcÄƒ mÄƒ voi juca cu raÈ›ele È™i le voi prinde de cioc!
Ce limbÄƒ È™ti sÄƒ mai vorbeÈ™ti?
Eu È™tiu 3 limbi sÄƒ vorbesc : EnglezÄƒ, FrancezÄƒ, GermanÄƒ. 
Chiar mi-ar plÄƒcea sÄƒ È™tiu È™i eu atÃ¢tea limbi strÄƒine! 
Care este culoarea ta preferatÄƒ? 
Culoarea mea preferata este, verde. 
Ai cÄƒlÄƒtorit vreodatÄƒ cu avionul? 
Nu, dar mi-ar plÄƒcea! 

"
"2019/06/11 5:38:09 p.m. GMT+3","Salut!
Hey!
Ce mai faci? 
Bine, tocmai mi-am terminat temele È™i acum mÄƒ duc Ã®n parc. Tu?
Eu fac teme. 
PoÈ›i veni È™i tu Ã®n parc dupÄƒ ce Ã®È›i termini temele? 
Da pot, deja am vorbit cu mama si mÄƒ lasÄƒ. 
Ce bine, aÈ™a ne putem juca Ã®mpreunÄƒ! Dar Ã®n cÃ¢t timp Ã®È›i termini temele?
Ãn 15 minute le termin.   
Bine, ne vedem Ã®n parc! Pa!
Pa!"
"2019/06/11 5:51:10 p.m. GMT+3","Salut! 
Salut! 
Ce mai faci?
Bine, tu? 
Bine!
Cum a fost ziua ta azi?
Foarte bunÄƒ, am luat 10 la geografie, iar la biologie mi-a ieÈ™it media 10. 
Foarte bine, mÄƒ bucur pentru tine!
Dar a ta cum a fost? 
A mea nu a fost la fel de bunÄƒ, am luat 4 la algebrÄƒ si 3 la istorie deoarece nu mi-am fÄƒcut referatul si nici nu mi-am Ã®nvÄƒÈ›at lecÈ›ia de zi. 
Ãmi pare foarte rÄƒu pentru tine! 
UimeÈ™te-mÄƒ!
Care este pÄƒrerea ta despre rasism?
Nu este o Ã®ntrebare foarte depÄƒrtatÄƒ ca È™i filozofie de pÄƒrerea despre homofobie, dar tema este diferitÄƒ È™i Ã®È›i voi rÄƒspunde acum. Deci diferenÈ›a dintre o persoanÄƒ de culoare si o persoanÄƒ albÄƒ nu existÄƒ. Cum spuneai tu, inocenÈ›a unei persoane de culoare È™i una albÄƒ este aceeaÈ™i. 
Se pare cÄƒ suntem destul de buni la dezbateri! 
Eu trebuie sÄƒ plec, vom mai vorbi È™i mÃ¢ine!
Bine, ne vedem!"
"2019/06/11 9:01:03 p.m. GMT+3","Salut !
BunÄƒ !
Ce faci ? 
Bine , tu?
Bine . Ai auzit vestea ?
Ce veste ?
Vine circul Ã®n oraÈ™ ! 
Circul ?! 
Da .
La ce orÄƒ Ã®ncepe ?
La ora 20 ,dar poÈ›i merge È™i vineri la ora 18 .
Tu mergi ?
Da , putem merge Ã®mpreunÄƒ .
Dar ... e doar ora 18 È™i jumÄƒtate , ce facem pÃ¢nÄƒ la ora 20 ? 
Hai sÄƒ mergem la Ã®ngheÈ›atÄƒ ! 
Eu vreau una de vanilie .
O sÄƒ Ã®mi iau una de fistic. 
Hai sÄƒ mergem pÃ¢nÄƒ nu se face ora 10 .
Ok .
Ai fÄƒcut cunoÈ™tinÈ›Äƒ cu colega nouÄƒ ?
Da , de ce ? 
Cu mine se poartÄƒ foarte ciudat . 
Ciudat Ã®n ce fel ?
CÃ¢nd vorbeÈ™te cu mine se bÃ¢lbÃ¢ie . Nu È™tiu de ce .
Eu cred cÄƒ ... te place .
Da ... de unde . SchimbÄƒ subiectul .
Bine , bine . 
Cere-i la domn Ã®ngheÈ›ata .
O Ã®ngheÈ›atÄƒ cu fistic È™i una cu vanilie , amÃ¢ndouÄƒ la cornet .
Poftim Ã®ngheÈ›atele . Patru lei te rog !
PoftiÈ›i .
La revedere !
Salut !
Ok , acum hai la circ , pÃ¢nÄƒ nu Ã®ncepe circul .
Hai !"
"2019/06/11 9:01:30 p.m. GMT+3","Salut ! 
Salut !
Ce faci , cum o mai duci ?
Bine aÈ™tept sÄƒ se termine È™coala .
Mai este o sÄƒptÄƒmÃ¢nÄƒ .
Da , dar trece foarte greu ultima sÄƒptÄƒmÃ¢nÄƒ .
Ce medii ai ? Sunt bune sau ... nu prea .
Sunt ok , la matematicÄƒ am 8, la romÃ¢nÄƒ 9 È™i la istorie 10 . Dar tu ?
La romÃ¢nÄƒ am 7 iar la matematicÄƒ 9 .
E bine .
Dar tu ce faci ? 
MÄƒ gÃ¢ndesc la ce o sÄƒ fac Ã®n vacanÈ›Äƒ .
È˜i...
Cred cÄƒ o sÄƒ merg Ã®n Grecia  .
Frumos , dar de ce vrei sÄƒ mergi Ã®n Grecia ? 
Deoarece Ã®mi place cultura È™i istoria care È™i-au creat-o .
Eu vreau sÄƒ merg Ã®n Italia deoarece acolo a fost inventatÄƒ pizza È™i vreau sÄƒ gust o pizza autenticÄƒ .
Ok . Tu te gÃ¢ndeÈ™ti doar la mÃ¢ncare ?
Nu , sau... nu categoric nu .
SÄƒ spunem cÄƒ te cred.
Ce ai avut ultima orÄƒ ? 
EnglezÄƒ .Tu ? 
 ChinezÄƒ .
AdicÄƒ ?
FrancezÄƒ .
Ok. Èšie chiar nu Ã®È›i place franceza .
Nu . Nu Ã®mi place .
Trebuie sÄƒ plec .
Pa !
Pa , pa !"
"2019/06/11 9:01:43 p.m. GMT+3","BunÄƒ ! 
Salut !
 Ce faci ? 
Bine tu ?
Ai auzi de proiectul acela despre reciclare ?
Nu , ce proiect ?
E un proiect Ã®n care ajutÄƒm natura, reciclÃ¢nd .
Da ! Unde mÄƒ pot Ã®nscrie ?
Jos la clubul de ecologizare .
PoÈ›i veni cu mine ? 
Da , hai mai repede. 
CÃ¢nd e prima activitate ?
SÃ¢mbÄƒta aceasta Ã®n parc .
Bine.
Am ajuns . 
IntrÄƒ .
Salut ! Aici trebuie sÄƒ mÄƒ Ã®nscriu la ECO .
Da . Poftim , completeazÄƒ formularul apoi vi la mine pentru a te Ã®nscrie .
Ok . Pa ! 
Salut !
Bun , scrie numele , data È™i tot .
Ok , nu mÄƒ grÄƒbi !
Hai Ã®napoi .
Salut, am revenit ! Aici e formularul .
Ok ...aÈ™teaptÄƒ ... È™i ... gata . EÈ™ti Ã®n proiect.  MÃ¢ine e prima activitate. SÃ¢mbÄƒtÄƒ la 8:00 Ã®n parc Ã®n echipament sportiv .
Bine , mulÈ›umesc !
La  revedere !
La revedere !
Eu trebuie sÄƒ plec . Am programare la dentist .
Pa!
Salut !"
"2019/06/11 9:01:55 p.m. GMT+3","Salut !
Salutare ! 
Ce faci ?
Bine ,tu ?
Ascult muzicÄƒ .
Pop .
MÄƒ refer la artiÈ™ti .
Aaaa... Smiley , Delia , Conect-r .
De cÃ¢nd asculÈ›i muzicÄƒ ?
De ceva timp...
Mie Ã®mi place sÄƒ creez muzicÄƒ .
Serios ?!
Pune un cÃ¢ntec .
Bine .
Te pricepi . FrumoasÄƒ melodie .
E doar un hobby .
Nu pe bune vorbesc .
Sunt Ã®ncepÄƒtor.
CÃ¢nÈ›i la un instrument ? 
Nu , tu ?
 La chitarÄƒ .
Ce fel de chitarÄƒ ?
ClasicÄƒ .
Eu urmez lecÈ›ii de compozitor .
Cum te descurci ?
Destul de bine . Sunt aproape cel mai bun de acolo .
Bravo ! Cam  cÃ¢tÄƒ muzicÄƒ asculÈ›i pe zi ?
Cam douÄƒ ore pe zi .
Wow, cam mult timp .
Eu mÄƒ duc spre casÄƒ pentru cÄƒ trebuie sÄƒ fiu acasÄƒ la ora 3 .
Salut !
Pa !"
"2019/06/11 9:02:04 p.m. GMT+3","BunÄƒ !
BunÄƒ !
Ce mai faci ?
Bine , dar tu ce mai faci ?
Bine . 
Tu te-ai Ã®nscris la concursul de pescuit ?
Da , dar tu ?
BineÃ®nÈ›eles.
Vrei sÄƒ fi cu mine Ã®n echipÄƒ ?
Da , dacÄƒ vrei .
Cum de descurci la pescuit ?
Am prins peÈ™ti de douÄƒ kilograme . 
Ok e bine , e bine .
Concursul e vinerea viitoare , n-i aÈ™a ?
Da e vinerea viitoare .
Vrei sÄƒ ne Ã®ntÃ¢lnim mÃ¢ine despre ce sÄƒ folosim È™i de-astea ?
Da , dar acum trebuie sÄƒ fug .
Bine .
Pa !
Salut !"
"2019/06/11 9:02:17 p.m. GMT+3","Buna , Robert !
Buna,Tanase !
Ce faci?
Bine , tu?
La fel de bine ca si tine .
Ce ai facut in weekend-ul acesta  ?
Bine ,m-am dus la ziua unui amic . A fost foarte frumos acolo.
Si ce ati facut ? 
Pai , am dansat foarte mult , m-am distrat la maxim acolo. Tu ce ai facut in weekend-ul acesta ?
Eu m-am dus in vizita la bunicii mei , a trebuit sa ii ajutam la ceva .
Si vremea cum a fost?
A fost foarte cald si insorit acolo , in timpul liber am stat si m-am bronzat.
Parintii tai au fost cu tine ?
Am fost cu parintii si fratele È™i sora mea.
Ne-au ajutat si niste vecini . Sunt niste oameni de treaba .
Cine, nea' Ilie si tanti' Leana :) ?
Da . Sa stii ca m-am intalnit si cu bunicii tai acolo.
Si ce ti-au zis?
Pai , mi-au zis ca le este foarte dor de tine si vor sa-ti auda vocea la telefon sau sa le faceti o vizita tu si parintii tai .
Mi-au dat ceva , sa-ti dau .Iata !
Wooooow , exact ce mi-am dorit! Un mp3 player nou . 
O sa ii sun imediat ce ajung acasa , pentru a le multumii bunicilor mei.
Okay . O sa fie foarte mandrii de tine daca vor auzi ca ti-a placut cadoul daruit de ei.
Multumesc , pe maine !
Pe maine . :)"
"2019/06/11 9:02:29 p.m. GMT+3","Alina, Ã®Å£i mai aduci aminte de excursia de la mare?
Da, a fost foarte frumos
Åi cÃ¢t de frumoasÄƒ era priveliÅŸtea,
Åi apa era foarte plÄƒcutÄƒ, 
Ce frumos ne-am distrat atunci, 
Da, am Ã®notat, am fÄƒcut scufundÄƒri
Åi am mers cu barca,
Ãntr-adevÄƒr, a fost o excursie minunatÄƒ.
Abia aÅŸtept urmÄƒtoarea excursie la mare.
Åi eu. Vreau sÄƒ mergem la acelaÅŸi hotel. Oamenii erau minunaÅ£i.
Ãntr-adevÄƒr, am avut parte de niÅŸte chelneri ÅŸi colegi de hotel super buni.
Ideea lor cu scoicile de mare Ã®n hotel e minunatÄƒ.
Ai dreptate, mi-au plÄƒcut la nebunie
Åi mÃ¢ncarea fusese foarte, foarte bunÄƒ.
Da, fructele de mare sunt extraordinare"
"2019/06/11 9:02:47 p.m. GMT+3","hey
hey 
mergem la mare ?
daa
bine
stai sa le chem si pe fete sa vinÄƒ cu noi
bine, o sa Ã®i chem si pe prieteni mei
bine
hai sÄƒ mergem 
hai
ne bÄƒgÄƒm in apÄƒ toÈ›i?
daaa
eu nu ma bag in apÄƒ 
de ce?
ca nu stiu sa inot
te invÄƒÈ› eu daca vrei
bine
bun deci lasÄƒ-te moale si te È›in eu 
bine dar sa ma È›i bine 
da
alina te bag sub apÄƒ
nuu
te rog aÅŸa nu iÅ£i Ã®nfrÃ¢ngi frica
bine 
1, 2, 3 ÅŸi 
stai 
acum hai sus, alina 
nu respira 
bagÄƒ-te dupÄƒ ea ca tu ai lÄƒsat-o sa se Ã®nece!!
bine acum nu mai È›ipa! ajutaÈ›i-ma sa o duc la mal 
ma duc sa chem salvarea
bine"
"2019/06/11 9:02:58 p.m. GMT+3","Salut!
Salut!
ce faci?
bine stau,tu?
bine si eu, pot sa te intreb ceva?
da spune
imi imprumuti o carte?
ce fel de carte?
Fram ursul polar
scuze dar nu am cartea aia dar poÈ›i sÄƒ mergi la biblioteca judeÈ›eanÄƒ
bine dar.......
dar ce?
Nu ÅŸtiu drumul spre biblioteca. Poti sa vi cu mine ?
nu ÅŸtiu, mÄƒ duc sÄƒ o intreb pe mama dacÄƒ ma lasÄƒ
bine 
o zis mama cÄƒ mÄƒ lasÄƒ sÄƒ vin cu tine
bine hai
vrei sÄƒ iÈ›i iei si tu o carte?
da
bine
hai sÄƒ vedem ce carte vrei
aÅŸ vrea FÄƒt-Frumos din lacrimi
super
tu È›i-ai luat?
da
bine hai acasa
bine"
"2019/06/11 9:20:59 p.m. GMT+3","Servus!
Servus!
Åtii cumva ce fac eu?
Ce faci?
PoÈ›i ghici?
Hmm... citeÅŸti?
Nu.
Pierzi vremea pe Facebook.
Da, dar nu la asta mÄƒ refeream.
SÄƒ ÅŸtii cÄƒ Ã®ncÄƒ nu am obÈ›inut diploma de medium.
Interesant. Spune-mi o glumÄƒ!
Cioc, cioc
Cine e?
Bot
Care Bot?
Andy - chatbot
BunÄƒ glumÄƒ
MulÈ›umesc!
Pa
Pa pa"
"2019/06/11 9:31:00 p.m. GMT+3","Salut! 
Salut!
Unde mergem Ã®n vacanÈ›Äƒ?
Vom merge la mare.
Åi cÃ¢t vom sta ?
Vreo 3 luni.
Dar, unde vom sta la hotel?
Nu ÅŸtiu o sa vad eu.
Pot sÄƒ vinÄƒ ÅŸi ai mei?
Da ,vor sta cu ai mei pe terasÄƒ. 
Hai sÄƒ o chem ÅŸi pe Maria.
Bine ,hai sÄƒ mergem sÄƒ Ã®i spunem .
Hey,Maria ce faci ?
Bine am iesit cu cÄƒinele.Tu ce faci?
Bine,am vrut sÄƒ te intreb dacÄƒ vrei sÄƒ vii cu noi la mare?
Da ,vin daca tot m-ai chemat .
Bine ,haide! SÄƒ-È›i faci bagajele. 
Åi mai vreau sÄƒ o chem ÅŸi pe Laura .
Hai sÄƒ mergem sÄƒ Ã®i spunem dacÄƒ vrea sÄƒ vina ÅŸi ea cu noi 
Hey Laura,ce faci?
Bine ma gÃ¢ndeam sa ma duc in vacanÈ›Äƒ. 
Bine am venit sa te intreb dacÄƒ vrei sÄƒ vii cu noi la mare ?
Da,o sa vin.
Bun acum putem pleca"
"2019/06/11 9:31:42 p.m. GMT+3","Hey Roxy ,vrei sÄƒ mergem azi la un film?
Da ,dar la ce orÄƒ trebuie sÄƒ mergem si la ce film ne uitam ? 
La ora 16:00 Ã®ncepe si filmul se numeste Herry Potter.
Da hai sa o chemÄƒm si pe Maria si Laura daca vrei?
Bun hai sa mergem dupÄƒ ele sa le spunem. 
Hey Maria ,ce faci?
Bine am venit in parc cu niste fete voi?
Am venit sa te Ã®ntreb dacÄƒ vrei sÄƒ vii cu noi la film ?
Da ,vin ca ma plictisesc acasa. 
Ok.
Acum haideÈ›i sÄƒ mergem
dupÄƒ Laura. 
Hey Laura, ce faci ?
Bine , am venit sa ma plimb voi?
Am venit sa te Ã®ntrebam dacÄƒ vrei sÄƒ vii cu noi la film?
Bine vin.
Ok 
Putem merge acum"
"2019/06/11 9:32:19 p.m. GMT+3","Trebuie sÄƒ facem acum o salata pentru masa 3 .
Bun cÃ¢te trebuie?
Ar trebui 2 la masa 3 si una la masa 3 .
Altceva comenzi mai avem?
Nu am terminat pe ziua de azi . 
Bun acum putem merge acasa?
Nu pentru ca avem o nuntÄƒ .
Dar vom sta mult?
Nu veti servi si puteti pleca si intra cei de pe tura 2.
Ok?
Putem Ã®ncepe treaba"
"2019/06/11 9:32:49 p.m. GMT+3","Salut!
Salut!
Ce faci?
Bine, uite acum merg acasa tu ce faci?
Am fost pÃ¢na la biblioteca. 
Ce  carte ti-ai luat?
Sa-mi zici numele ca vreau sÄƒ o citesc si eu.
Totul despre corpul uman.
Multumesc!"
"2019/06/11 9:33:56 p.m. GMT+3","Buna,Darius cum ti s-au pÄƒrut temele?
Buna ,Andrei! Mi sau pÄƒrut foarte usoare mai ales la exerciÈ›iul 2.
Da inca foarte uÈ™oare.
Dar cÃ¢nd va veni doamna de religie?
PÄƒi....am ceasul  dar si ca ea mai intÃ¢rzie.
A ok...... dar cÃ¢t mai este pÃ¢na se suna de intrare?
Peste 12 minute va sosi si doamna.
DupÄƒ 12 minute a sosit doamna si convorbirea a fost Ã®ncheiatÄƒ.
Au salutat si au inceput ora"
"2019/06/12 9:38:03 a.m. GMT+3","Diana,È›i-am spus cÄƒ m-am mutat? 
Unde?
Ãntr-o casÄƒ nouÄƒ, la malul lacului. 
Wow! 
Cam de o sÄƒptÄƒmÃ¢nÄƒ am fÄƒcut aceastÄƒ schimbare. 
Ai amenajat toatÄƒ casa? 
Aproape, dar mai este puÈ›in de lucru. 
AÅŸ putea sÄƒ vÄƒ fac o vizitÄƒ? 
Da,cu mare plÄƒcere! 
CÃ¢nd?
Vino disearÄƒ la cinÄƒ, pe la ora 19!
Foarte bine, de ce ai nevoie la o casÄƒ nouÄƒ? 
Doamne, nu trebuie sÄƒ aduci ceva, e suficient sÄƒ vii tu.
MulÈ›umesc, voi merge prin oraÈ™ sÄƒ vÄƒd ce gÄƒsesc ÅŸi voi veni.
Te aÈ™teptÄƒm È™i sper sÄƒ ne simÈ›im bine! 
MulÈ›umesc,vin!
"
"2019/06/12 9:51:20 a.m. GMT+3","BunÄƒ,domnul doctor!
BunÄƒ ziua, Fred!Nu mÄƒ aÈ™teptam sÄƒ vÄƒ vÄƒd deja Ã®n oraÈ™! 
MÄƒ simt foarte bine! 
MÄƒ bucur sÄƒ aud aceasta, totuÈ™i trebuie sÄƒ aveÈ›i grijÄƒ! 
Ãncerc sÄƒ nu mÄƒnÃ¢nc mult, fÄƒrÄƒ zahÄƒr ÅŸi grÄƒsimi È™i sÄƒ fac multÄƒ miÈ™care. 
Foarte bine,nu uitaÈ›i sÄƒ antrenaÈ›i ÅŸi mintea! 
Da,deocamdatÄƒ Ã®ncerc sÄƒ nu mÄƒ mai supÄƒr ÅŸi sÄƒ Ã®nlÄƒtur stresul. 
ÃncepeÈ›i cu puÈ›inÄƒ lecturÄƒ ca sÄƒ nu vÄƒ obosiÈ›i ochii. 
La televizor nu prea stau.
Mai bine v-aÈ›i ocupa timpul ascultÃ¢nd muzica. 
Chiar mai mult , cÃ¢nt dimineaÈ›a la pian.
SunteÈ›i grozav! 
Doar Ã®ncerc sÄƒ duc o viaÈ›Äƒ normalÄƒ! 
SÄƒnÄƒtate sÄƒ aveÈ›i domnule Fred È™i sÄƒ vÄƒ bucuraÈ›i de tot ce este frumos. 
MulÈ›umesc ÅŸi dumneavoastrÄƒ domnule doctor! 
Toate cele bune! "
"2019/06/12 10:44:14 a.m. GMT+3","Buna!
Salut!
Ce mai faci? 
Ai auzit de sezonul din Stranger Things?
Daaa, de abia aÈ™tept!
Vreau sÄƒ vÄƒd ce se Ã®ntÃ¢mplÄƒ pÃ¢nÄƒ la urmÄƒ Ã®ntre 11 È™i Mike.
Eu cred cÄƒ vor fi Ã®mpreunÄƒ!
È˜i eu cred la fel!
Dar cu Will? Ce se va Ã®ntÃ¢mpla?
Nu È™tiu, dar presupun cÄƒ iar va avea acele coÈ™maruri.
Dar, am o curiozitate.
Cum se vor juca aÈ™a mari?
Nu È™tiu, pentru cÄƒ acum sunt prea mari sÄƒ mai joace rolurile de copii.
È˜i, plus cÄƒ ar trebui sÄƒ Ã®i rÄƒpeascÄƒ cineva.
Cum sÄƒ-i rÄƒpeascÄƒ cineva?
Dar e prea lungÄƒ aÈ™teptarea pÃ¢nÄƒ Ã®n 4 iulie!
È˜tiu dar nu avem ce face.
Èšie È›i-ar plÄƒcea sÄƒ joci Ã®n Stranger Things?
Oooo È™i Ã®ncÄƒ cum?
SÄƒ fii sora lui Noah?
Nu, niciodatÄƒ.
Plus cÄƒ trebuie sÄƒ vorbeÈ™ti limba englezÄƒ.
Da, dar sÄƒ vezi numele noastre pe un afiÈ™ la Hollywood?
O, my Good!"
"2019/06/12 11:05:17 a.m. GMT+3","Buna ziua, domnule Jeffrey Dean Morgan. AÈ™ dori sÄƒ vÄƒ adresez cÃ¢teva Ã®ntrebÄƒri, asta dacÄƒ aveÈ›i timpul disponibil.
Bine, aÈ™ putea rÄƒspunde la cÃ¢teva Ã®ntrebÄƒri.
Bun, sÄƒ Ã®ncepem. Cum vedeÈ›i reputaÈ›ia personajului Negan din sezonul 9?
ReputaÈ›ia sa devine din ce Ã®n ce mai bunÄƒ deoarece doreÈ™te sÄƒ fie acceptat Ã®n societate Ã®n ciuda faptului cÄƒ a fost destul de rÄƒu Ã®n faÈ›a comunitÄƒÈ›ii.
A fost un personaj destul de inactiv Ã®n acest sezon, oare cum va fi Ã®n sezonul urmÄƒtor?
Rolul principal a fost axat pe personajul Michonne Ã®n acest sezon, iar Negan, fiind aflat Ã®ntr-o celulÄƒ a trebui sÄƒ fie inactiv.
Ãn sezonul urmÄƒtor va avea un rol principal?
Nu doresc sÄƒ dau mai multe detalii.
Venirea celui de al doilea copil v-a schimbat viaÈ›a, cum , Ã®n ce fel?
ViaÈ›a mea a devenit foarte frumoasÄƒ, dar È™i obositoare. Suntem cu toÈ›ii fericiÈ›i!
Domnule Jeffrey, vÄƒ mulÈ›umesc cÄƒ mi-aÈ›i acordat acest interviu.
VÄƒ mulÈ›umesc È™i eu!
Toate cele bune!"
"2019/06/12 12:58:31 p.m. GMT+3","Salut!
Salut!
Ce planuri ai pentru vacanÈ›a de varÄƒ?
Voi merge la mare cu familia,tu?
Eu merg Ã®n  tabÄƒrÄƒ cu niÈ™te prieteni. 
"
"2019/06/12 1:11:57 p.m. GMT+3","Care e artistul tÄƒu preferat?
Artistul meu prefarat este Alec Benjamin. Al tÄƒu?
Eu am o artistÄƒ preferatÄƒ, Billie Eilish. "
"2019/06/12 5:46:16 p.m. GMT+3","MÄƒ bucur cÄƒ am ocazia sÄƒ cÃ¢nt Ã®mpreunÄƒ cu tine! 
È˜i eu mi-am dorit sÄƒ cÃ¢ntÄƒm Ã®mpreunÄƒ! 
DacÄƒ stÄƒm sÄƒ ne gÃ¢ndim bine nu am cÃ¢ntat de vreo 5 ani.
Da, eu am fost mai  mult plecat Ã®n turneu prin È›arÄƒ. 
Probabil cÄƒ este un motiv cÄƒ nu ne -am Ã®ntÃ¢lnit. 
Åtii ce vreau sÄƒ te Ã®ntreb? 
Nu ÅŸtiu, ce anume? 
Ai cÃ¢ntat vreodatÄƒ Ã®ntr-o salÄƒ mai puÈ›in obiÅŸnuitÄƒ? 
Ooooo, da!Ãn alte È›Äƒri europene e ceva normal sÄƒ È›i un concert Ã®ntr -un atelier service de motociclete sau maÈ™ini. 
AÈ™a mai ascultÄƒ lumea È™i altceva.
Da este o soluÈ›ie se mai imblÃ¢nzeÅŸte lumea asta nebunÄƒ.
Crezi?
Da,Ã®ncÄƒ mai sper. Eu cred cÄƒ lumea se poate face mai bunÄƒ numai prin iubire. 
Ãntr-adevÄƒr muzica clasicÄƒ e armonie, fiecare instrument Ã®È™i aÈ™teaptÄƒ rÃ¢ndul. 
Ehhh,dacÄƒ ar fi aÈ™a ÅŸi Ã®ntre oameni. 
Ãntreaga lume ar auzi doar sunete È™i melodii care ar face viaÈ›a mai frumoasÄƒ.

"
"2019/06/12 6:24:42 p.m. GMT+3","BunÄƒ seara, dragi prieteni!AstÄƒzi avem o emisiune specialÄƒ cu un invitat special : preÈ™edintele Donald Trump!
BunÄƒ searÄƒ tuturor ascultÄƒtorilor!
Cum vÄƒ simÈ›iÈ›i domnule preÈ™edinte acum dupÄƒ ce aÈ›i cÃ¢ÅŸtigat al doilea mandat? 
ÃncrezÄƒtor Ã®n forÈ›a poporului ÅŸi Ã®n Dumnezeu! 
Ce vÄƒ propuneÈ›i pentru urmÄƒtorii ani? 
SÄƒ fie pace Ã®n lume, sÄƒ eradicÄƒm sÄƒrÄƒcia È™i sÄƒ diminuÄƒm efectele Ã®ncÄƒlzirii globale. 
Planuri Ã®nalte, sÄƒ sperÄƒm cÄƒ vor fi realizate.
Trebuie sÄƒ Ã®ncercÄƒm !
Ãn ceea ce priveÈ™te terorismul care vor fi mÄƒsurile Ã®n aceastÄƒ direcÈ›ie? 
Nu pot sÄƒ dau prea multe detalii. Evident cÄƒ ÅŸi acest aspect este Ã®n obiectivul nostru, dar este mai bine sÄƒ nu dÄƒm detalii. 
Care este programul unei zile de muncÄƒ al unui preÈ™edinte? 
De dimineaÈ›Äƒ mÄƒ consult cu cei mai Ã®nÈ›elepÈ›i consilieri pentru a lua cele mai bune decizii Ã®n ziua respectivÄƒ. 
CÄƒt dureazÄƒ aceste consultÄƒri? 
Depinde de situaÈ›ie! 
Apoi?
Au loc Ã®ntÃ¢lnirile programate cu diverÈ™i oameni de stat, de ÅŸtiinÈ›Äƒ, de afaceri etc.
Timp liber aveÈ›i?
Da,timpul meu liber este cel pe care Ã®l petrec Ã®n maÈ™inÄƒ pentru a ajunge la destinaÈ›ie. 
MulÈ›umesc pentru timpul acordat! 
SÄƒ auzim de bine! "
"2019/06/13 12:27:30 a.m. GMT+3","Cum È›i s-a pÄƒrut petrecerea?
Ãngrozitoare! 
De ce?
E o adevÄƒratÄƒ plictisealÄƒ sÄƒ tot mÄƒnÃ¢nc È™i sÄƒ bei atÃ¢tea ore.
Atunci de ce ai mai rÄƒmas? 
Era prea evidentÄƒ nemulÈ›umirea mea!
Åi ce dacÄƒ? aÈ™a È›i-ai pierdut vremea.
Era o noapte aÈ™a de frumoasÄƒ, caldÄƒ,iar luna chiar Ã®mi fÄƒcea o luminÄƒ pentru a vedea lucrurile din altÄƒ perspectivÄƒ. 
Ce vrei sÄƒ spui? 
CÄƒ nu a fost neapÄƒrat pierdere de vreme, am meditat la rostul lumii.
È˜i mie Ã®mi plac nopÈ›ile de varÄƒ,sunt un prilej de a te gÃ¢ndi È™i rÄƒzgÃ¢ndi la viitor. 
Da,dacÄƒ nu te bulverseazÄƒ stresul,toatÄƒ agitaÈ›ia din oraÈ™,telefoanele clienÈ›ilor ÅŸi zgomotul maÈ™inilor. 
Dar ce treabÄƒ au toate astea cu farmecul nopÈ›ilor de varÄƒ? 
PÄƒi, toatÄƒ nebunia te afecteazÄƒ È™i uiÈ›i de tine.
A, Ã®nÈ›eleg. 
Plus cÄƒ noaptea se mai rÄƒcoreÈ™te, e mai suportabil.
Iar cÄƒldura zilei te adoarme.
LasÄƒ cÄƒ e mai bine cald decÃ¢t frig.
È˜i eu spun asta. 
Iarna È™i frigul te pÄƒtrund pÃ¢nÄƒ paralizezi. 
Iar vara cÄƒldura te adoarme. 
Te poÈ›i rÄƒcori cu o limonadÄƒ sau dacÄƒ nu ai probleme cu o Ã®ngheÈ›atÄƒ.
Sau ÃÈ›i poÈ›i muta activitatea noaptea pe rÄƒcoare. 
Iar ajungem  la farmecul nopÈ›ilor de varÄƒ. 
Da, sunt de neuitat, sub cireÈ™ sau tei.
Ai dreptate! 
Scuze, trebuie sÄƒ rÄƒspund la telefon. 
Nicio problemÄƒ, eu mÄƒ retrag Ã®n birou pentru a-mi  termina munca.
Spor la treaba! 
MulÈ›umesc, mai povestim Ã®n altÄƒ pauzÄƒ. 


"
"2019/06/13 1:41:36 a.m. GMT+3","BunÄƒ ziua ! 
BunÄƒ ziua ! Cum vÄƒ simÈ›iÈ›i azi ?
Bine , dar dumneavoastrÄƒ?
La fel de bine ca dumneavoastrÄƒ!"
"2019/06/13 1:42:18 a.m. GMT+3","Buna! 
Salut !Cum te mai simti ? 
Foarte bine ,dar sunt foarte indispus. 
De ce ?
Pentru ca am primit un patru la matematica.
Offff ce rau .
Stiu . 
Nu ai vrea sa mergem intr-o excursie la munte?
Da ar fi foarte frumos !
M-am Ã®mbrÄƒcat .De unde te iau ?
Din fata blocului .
Bine acuma vin . 
Unde esti ?
Ãn fata blocului . 
Urca Ã®n fata . 
Ma bucur ca ai acceptat sa fi .  
Si eu .
Uite ce frumos ! 
Foarte frumos  
Unde vom dormi ? 
Vom dormi cu cortul in padure langa natura . 
Ura ! 
Of acum plecam fiecare pe druml lui . 
Da ne vedem saptamÃ¢na viitoare 
Pa "
"2019/06/13 1:42:42 a.m. GMT+3","BunÄƒ ziua ! 
BunÄƒ ziua copii!
Azi dÄƒm test ?
Da , v-aÈ›i pregÄƒtit ?
PuÈ›in.
Dar din ce dÄƒm test?
Din unitÄƒÈ›i de mÄƒsurÄƒ.
Perfect pentru cÄƒ am Ã®nvÄƒÈ›at cu toÈ›ii.
È˜i la romÃ¢nÄƒ cÃ¢nd dÄƒm test?
DupÄƒ testul de matematicÄƒ!
ScoateÈ›i o foaie de hÃ¢rtie È™i imediat o sÄƒ vÄƒ dau subiectele !
Bine , aÈ™teptÄƒm testul !
A fost uÈ™or testul copii?
Da , a fost foarte uÈ™or!
AÈ›i È™tiut?
Da, luÄƒm toÈ›i zece!
Ok , sÄƒ vÄƒ pregÄƒtiÈ›i tot aÈ™a de bine È™i la romÃ¢nÄƒ!
Bine , doamna Ã®nvÄƒÈ›Äƒtoare!
ScoateÈ›i o foaie cÄƒ daÈ›i test la romÃ¢nÄƒ !
Bine ,o sa fie uÈ™or?
O sa vedeÈ›i!
Copii a fost uÈ™or testul?
AÈ™a È™i aÈ™a!
Ce nota credeÈ›i cÄƒ luaÈ›i?
Opt sau nouÄƒ?
NouÄƒ !
Toti copii au luat 10!
Nu cred !
Au trecut toÈ›i Ã®n clasa a 5 iar ei au plÃ¢ns cÄƒ nu au mai fost cu Ã®nvÄƒÈ›Äƒtoarea lor!
Succes mai departe copii!"
"2019/06/13 1:43:54 a.m. GMT+3","BunÄƒ ziua!
BunÄƒ ziua ! 
Cum vÄƒ simÈ›iÈ›i astÄƒzi? 
Foarte bine,mulÈ›umesc de Ã®ntrebare ! Dar voi ?
Extraordinar! Ne bucurÄƒm ca avem orÄƒ cu dumneavoastrÄƒ! 
Vai,mÄƒ bucur sa aduc atÃ¢tea bucurii Ã®n sufletele voastre! AstÄƒzi vom merge Ã®n pÄƒdure Ã®n cÄƒutare de ciuperci !
Ura! Ne pregÄƒtim È™i putem porni la drum! 
 Wow! Ce frumoasÄƒ este pÄƒdurea! 
 O sÄƒ mergem toÈ›i grupaÈ›i pentru cÄƒ existÄƒ riscul de a ne pierde!
Domn profesor!  Domn profesor ! Am gÄƒsit o ciupercÄƒ imensa ! De jumÄƒtate de metru !
FelicitÄƒri, Magda ! Sunt mÃ¢ndru de tine ! "
"2019/06/13 1:45:23 a.m. GMT+3","Salut!
Salut! Ce faci??
 bine tu?
 tot bine 
cum te cheama?
Andrei, pe tine?
 Alina
 ce frumos nume
 mulÈ›umesc
 cu plÄƒcere
 caÈ›i ani ai?
 15, tu cati ani ai?
 13
mergem la o ingheÈ›atÄƒ??
da
vi cu bicicleta?
nu 
bine dar cu ce vi?
cu trotineta
bine, vin si eu 
bine
de care ingheÈ›atÄƒ preferi?
de ciocolata
mergem numai noi sau mai vine cineva?
da mai vin si 2 prieteni de ai mei, cheamÄƒ si tu pe 2 prietene de ale tale
bine 
uite ca au venit
ce bine
ele sunt prietenele mele: Maria si Adriana
bunÄƒ
bunÄƒ
pe prieteni mei ii cheama: Rafa si marcel
bunÄƒ
hai sa luam ingheÈ›atÄƒ
ce frumos a fost azi poate ne mai vedem 
da 
bine paa
paaa"